{
    "coup": {
        "iqn_ils_eps": 0.1,
        "iqn_ils_q": 20,
        "method": "iqn_ils",
        "nmax": 200,
        "nmin": 1,
        "omega": {
            "disp": [
                [
                    1.0,
                    1.0,
                    1.0
                ],
                [
                    0.1,
                    0.1,
                    0.1,
                    0.1,
                    0.1,
                    0.1,
                    0.1,
                    0.1,
                    0.1,
                    0.1,
                    0.1,
                    0.1
                ],
                [
                    0.1,
                    0.1,
                    0.1,
                    0.1,
                    0.1
                ],
                [
                    0.1,
                    0.1,
                    0.1,
                    0.1,
                    0.1,
                    0.1
                ],
                [
                    0.1,
                    0.1,
                    0.1,
                    0.1,
                    0.1
                ],
                [
                    0.1,
                    0.1,
                    0.1,
                    0.1,
                    0.1,
                    0.1
                ],
                [
                    0.1,
                    0.1,
                    0.1,
                    0.1,
                    0.1,
                    0.1
                ],
                [
                    0.1,
                    0.1,
                    0.1,
                    0.1,
                    0.1,
                    0.1
                ],
                [
                    0.1,
                    0.1,
                    0.1,
                    0.1,
                    0.1,
                    0.1,
                    0.1
                ],
                [
                    0.1,
                    0.1,
                    0.1,
                    0.1,
                    0.1
                ],
                [
                    0.1,
                    0.1,
                    0.1,
                    0.1,
                    0.1
                ]
            ]
        },
        "omega0": 0.1,
        "tol": 0.001
    },
    "debug": false,
    "error": {
        "disp": [
            [
                1.0,
                0.0011752032652485721,
                2.9309934447642196e-05
            ],
            [
                0.04007228976623889,
                0.01926629805098943,
                0.014118389975616366,
                0.013514085876295049,
                0.011781846315062077,
                0.010442278572890186,
                0.00754961196955327,
                0.00933233703543648,
                0.00285249173383535,
                0.0025846324807076806,
                0.0014927464538882257,
                0.0006895820322168186
            ],
            [
                0.012472912213717617,
                0.01166391511303007,
                0.010773218488660965,
                0.003319215592527238,
                0.0008100370601436758
            ],
            [
                0.008893832651875992,
                0.009777974215133314,
                0.0041535801142482415,
                0.0016512063478457146,
                0.0010601271496337296,
                0.0006580762522671669
            ],
            [
                0.013461817776419183,
                0.004882651947257866,
                0.005066059682235561,
                0.0020675394567808572,
                0.0009570832124696715
            ],
            [
                0.013744841914310326,
                0.004225542432589692,
                0.0022883936111248275,
                0.0026660571124487034,
                0.0019063429197806478,
                0.0009383380616167543
            ],
            [
                0.024327945295875765,
                0.008875710284203307,
                0.003639272598443479,
                0.0018641781314276654,
                0.0010901228507737097,
                0.0007715771358871644
            ],
            [
                0.026509290343984252,
                0.006556990657495427,
                0.0042034362528825244,
                0.002764106587598053,
                0.0012485157921913086,
                0.0009957954033880602
            ],
            [
                0.01213029509455881,
                0.01338987493538814,
                0.003659229939953187,
                0.0016587135645322081,
                0.0016443527846111059,
                0.0013032738355156536,
                0.000644028648808942
            ],
            [
                0.008919038054452145,
                0.012637732807830602,
                0.0018809233871785874,
                0.0013607559963111145,
                0.0009634900622515864
            ],
            [
                0.022745798532530528,
                0.009186752723804564,
                0.0032252872307341877,
                0.0011111908118992119,
                0.0007437812979519691
            ]
        ]
    },
    "exe": {
        "fluid": "/svfsi/svFSI-build/svFSI-build/bin/svFSI",
        "mesh": "/svfsi/svFSI-build/svFSI-build/bin/svFSI",
        "solid": "/svfsi/svFSI-build/svFSI-build/bin/svFSI"
    },
    "f_arx": "./partitioned_2025-10-29_20-13-22.377019/archive",
    "f_conv": "./partitioned_2025-10-29_20-13-22.377019/partitioned/converged",
    "f_out": "./partitioned_2025-10-29_20-13-22.377019",
    "f_sim": "./partitioned_2025-10-29_20-13-22.377019/partitioned",
    "fluid": {
        "mu": 4e-06,
        "p0": 13.9868,
        "q0": 1000.0,
        "q0_rate": 200.0,
        "rho": 1.06e-06
    },
    "fmax": 1.0,
    "fsi": true,
    "inp": {
        "fluid": "steady_full.xml",
        "mesh": "mesh_full.xml",
        "solid": "gr_full_restart.xml"
    },
    "interfaces": {
        "bc_flow": "steady_flow.dat",
        "bc_pressure": "steady_pressure.dat",
        "disp": "interface_displacement.dat",
        "geo_fluid": "fluid.vtu",
        "geo_mesh": "mesh.vtu",
        "geo_solid": "solid.vtu",
        "inflow_vector": "inflow_vector.dat",
        "load_pressure": "interface_pressure.vtp",
        "load_wss": "interface_wss.vtp"
    },
    "mesh": "fsg_full_coarse.json",
    "n_max": {
        "fluid": 10,
        "mesh": 1,
        "solid": 1
    },
    "n_procs": {
        "fluid": 2,
        "mesh": 1,
        "solid": 1
    },
    "name": "partitioned",
    "nmax": 10,
    "out": {
        "fluid": "steady",
        "mesh": "mesh",
        "solid": "gr_restart"
    },
    "paths": {
        "exe": "/svfsi",
        "in_geo": "/svfsi/svFSGe/in_geo",
        "in_petsc": "/svfsi/svFSGe/in_petsc",
        "in_svfsi": "/svfsi/svFSGe/in_svfsi_plus",
        "root": "."
    },
    "paths_darwin": {
        "exe": "/svfsi",
        "in_geo": "/svfsi/svFSGe/in_geo",
        "in_petsc": "/svfsi/svFSGe/in_petsc",
        "in_svfsi": "/svfsi/svFSGe/in_svfsi_plus",
        "root": "."
    },
    "paths_linux_centos": {
        "exe": "/svfsi",
        "in_geo": "/svfsi/svFSGe/in_geo",
        "in_petsc": "/svfsi/svFSGe/in_petsc",
        "in_svfsi": "/svfsi/svFSGe/in_svfsi_plus",
        "root": "."
    },
    "paths_linux_ubuntu": {
        "exe": "/svfsi",
        "in_geo": "/svfsi/svFSGe/in_geo",
        "in_petsc": "/svfsi/svFSGe/in_petsc",
        "in_svfsi": "/svfsi/svFSGe/in_svfsi_plus",
        "root": "."
    },
    "predict_file": false,
    "re": 260.7484384504004,
    "tortuosity": false
}