{
    "coup": {
        "iqn_ils_eps": 0.1,
        "iqn_ils_q": 20,
        "method": "iqn_ils",
        "nmax": 200,
        "nmin": 1,
        "omega": {
            "disp": [
                [
                    1.0,
                    1.0,
                    1.0
                ],
                [
                    0.1,
                    0.1,
                    0.1,
                    0.1,
                    0.1,
                    0.1,
                    0.1,
                    0.1,
                    0.1,
                    0.1,
                    0.1,
                    0.1
                ],
                [
                    0.1,
                    0.1,
                    0.1,
                    0.1,
                    0.1
                ],
                [
                    0.1,
                    0.1,
                    0.1,
                    0.1,
                    0.1,
                    0.1
                ],
                [
                    0.1,
                    0.1,
                    0.1,
                    0.1,
                    0.1
                ],
                [
                    0.1,
                    0.1,
                    0.1,
                    0.1,
                    0.1,
                    0.1
                ],
                [
                    0.1,
                    0.1,
                    0.1,
                    0.1,
                    0.1,
                    0.1
                ],
                [
                    0.1,
                    0.1,
                    0.1,
                    0.1,
                    0.1,
                    0.1
                ],
                [
                    0.1,
                    0.1,
                    0.1,
                    0.1,
                    0.1,
                    0.1,
                    0.1
                ],
                [
                    0.1,
                    0.1,
                    0.1,
                    0.1,
                    0.1
                ],
                [
                    0.1,
                    0.1,
                    0.1,
                    0.1,
                    0.1
                ]
            ]
        },
        "omega0": 0.1,
        "tol": 0.001
    },
    "debug": true,
    "error": {
        "disp": [
            [
                1.0,
                0.0011752032681242159,
                2.930993184260999e-05
            ],
            [
                0.040072289769248016,
                0.0192662982156632,
                0.014118390207207837,
                0.013514085908864113,
                0.011781846335518915,
                0.010442278569423924,
                0.0075496173219109074,
                0.009332339572479805,
                0.002852489834476729,
                0.0025846351222955414,
                0.0014927463123943125,
                0.0006895821152949063
            ],
            [
                0.012472917819657542,
                0.011663917472378913,
                0.01077321856820808,
                0.003319216739627632,
                0.000810038202551761
            ],
            [
                0.00889384089701741,
                0.00977797426848396,
                0.004153577407914881,
                0.0016512062948573862,
                0.0010601270672517368,
                0.0006580750253221064
            ],
            [
                0.013461835668120547,
                0.004882664231203913,
                0.0050660667289368164,
                0.0020675528101753186,
                0.0009570892762146106
            ],
            [
                0.013744805804578148,
                0.004225549850827961,
                0.002288400173335294,
                0.002666060556395991,
                0.0019063492602485004,
                0.0009383411900539986
            ],
            [
                0.024327954169137505,
                0.008875701414764755,
                0.003639249727622829,
                0.001864186432540834,
                0.001090128616492787,
                0.0007715805177932142
            ],
            [
                0.02650941147775555,
                0.006556955169071265,
                0.004203453004358932,
                0.002764141909837259,
                0.0012485027109193007,
                0.0009958005169146595
            ],
            [
                0.012129943981439295,
                0.013389835290762384,
                0.0036592362019609607,
                0.0016587103302091032,
                0.0016443330592805323,
                0.0013032464464824787,
                0.0006440291304402033
            ],
            [
                0.008919139573292195,
                0.012638085137020541,
                0.0018809885750682102,
                0.0013607644933346938,
                0.0009635156655816409
            ],
            [
                0.022746171761833647,
                0.009186614162452079,
                0.0032252294421379916,
                0.0011112100666322352,
                0.0007437630559093934
            ]
        ]
    },
    "exe": {
        "fluid": "/svfsi/svFSI-build/svFSI-build/bin/svFSI",
        "mesh": "/svfsi/svFSI-build/svFSI-build/bin/svFSI",
        "solid": "/svfsi/svFSI-build/svFSI-build/bin/svFSI"
    },
    "f_arx": "./partitioned_2025-10-29_19-31-21.282695/archive",
    "f_conv": "./partitioned_2025-10-29_19-31-21.282695/partitioned/converged",
    "f_out": "./partitioned_2025-10-29_19-31-21.282695",
    "f_sim": "./partitioned_2025-10-29_19-31-21.282695/partitioned",
    "fluid": {
        "mu": 4e-06,
        "p0": 13.9868,
        "q0": 1000.0,
        "q0_rate": 200.0,
        "rho": 1.06e-06
    },
    "fmax": 1.0,
    "fsi": true,
    "inp": {
        "fluid": "steady_full.xml",
        "mesh": "mesh_full.xml",
        "solid": "gr_full_restart.xml"
    },
    "interfaces": {
        "bc_flow": "steady_flow.dat",
        "bc_pressure": "steady_pressure.dat",
        "disp": "interface_displacement.dat",
        "geo_fluid": "fluid.vtu",
        "geo_mesh": "mesh.vtu",
        "geo_solid": "solid.vtu",
        "inflow_vector": "inflow_vector.dat",
        "load_pressure": "interface_pressure.vtp",
        "load_wss": "interface_wss.vtp"
    },
    "mesh": "fsg_full_coarse.json",
    "n_max": {
        "fluid": 10,
        "mesh": 1,
        "solid": 1
    },
    "n_procs": {
        "fluid": 2,
        "mesh": 1,
        "solid": 1
    },
    "name": "partitioned",
    "nmax": 10,
    "out": {
        "fluid": "steady",
        "mesh": "mesh",
        "solid": "gr_restart"
    },
    "paths": {
        "exe": "/svfsi",
        "in_geo": "/svfsi/svFSGe/in_geo",
        "in_petsc": "/svfsi/svFSGe/in_petsc",
        "in_svfsi": "/svfsi/svFSGe/in_svfsi_plus",
        "root": "."
    },
    "paths_darwin": {
        "exe": "/svfsi",
        "in_geo": "/svfsi/svFSGe/in_geo",
        "in_petsc": "/svfsi/svFSGe/in_petsc",
        "in_svfsi": "/svfsi/svFSGe/in_svfsi_plus",
        "root": "."
    },
    "paths_linux_centos": {
        "exe": "/svfsi",
        "in_geo": "/svfsi/svFSGe/in_geo",
        "in_petsc": "/svfsi/svFSGe/in_petsc",
        "in_svfsi": "/svfsi/svFSGe/in_svfsi_plus",
        "root": "."
    },
    "paths_linux_ubuntu": {
        "exe": "/svfsi",
        "in_geo": "/svfsi/svFSGe/in_geo",
        "in_petsc": "/svfsi/svFSGe/in_petsc",
        "in_svfsi": "/svfsi/svFSGe/in_svfsi_plus",
        "root": "."
    },
    "predict_file": false,
    "re": 260.7484384504004,
    "tortuosity": false
}