{
    "coup": {
        "iqn_ils_eps": 0.1,
        "iqn_ils_q": 20,
        "method": "iqn_ils",
        "nmax": 200,
        "nmin": 1,
        "omega": {
            "disp": [
                [
                    1.0,
                    1.0,
                    1.0
                ],
                [
                    0.1,
                    0.1,
                    0.1,
                    0.1,
                    0.1,
                    0.1,
                    0.1,
                    0.1,
                    0.1,
                    0.1,
                    0.1,
                    0.1
                ],
                [
                    0.1,
                    0.1,
                    0.1,
                    0.1,
                    0.1
                ],
                [
                    0.1,
                    0.1,
                    0.1,
                    0.1,
                    0.1,
                    0.1
                ],
                [
                    0.1,
                    0.1,
                    0.1,
                    0.1,
                    0.1
                ],
                [
                    0.1,
                    0.1,
                    0.1,
                    0.1,
                    0.1,
                    0.1
                ],
                [
                    0.1,
                    0.1,
                    0.1,
                    0.1,
                    0.1,
                    0.1
                ],
                [
                    0.1,
                    0.1,
                    0.1,
                    0.1,
                    0.1,
                    0.1
                ],
                [
                    0.1,
                    0.1,
                    0.1,
                    0.1,
                    0.1,
                    0.1,
                    0.1
                ],
                [
                    0.1,
                    0.1,
                    0.1,
                    0.1,
                    0.1
                ],
                [
                    0.1,
                    0.1,
                    0.1,
                    0.1,
                    0.1
                ]
            ]
        },
        "omega0": 0.1,
        "tol": 0.001
    },
    "debug": false,
    "error": {
        "disp": [
            [
                1.0,
                0.0011752032652485721,
                2.9309934447642196e-05
            ],
            [
                0.04007228976623889,
                0.01926629808326758,
                0.014118390075160433,
                0.013514085871280815,
                0.011781846321415757,
                0.010442278570976628,
                0.007549613462514905,
                0.009332337134069398,
                0.0028524918753303724,
                0.0025846324724318076,
                0.0014927464047210194,
                0.0006895823247413838
            ],
            [
                0.012472919063220046,
                0.011663919416166629,
                0.010773223712518988,
                0.0033192165070597074,
                0.0008100377095635517
            ],
            [
                0.008893833873305853,
                0.009777973747403655,
                0.0041535768542502,
                0.0016512062537530185,
                0.0010601271125080098,
                0.0006580762124977592
            ],
            [
                0.013461834640027804,
                0.004882651417666376,
                0.005066061037221038,
                0.0020675389747976318,
                0.0009570844184007873
            ],
            [
                0.013744810323270346,
                0.004225537379851464,
                0.002288388545401531,
                0.0026660513294294638,
                0.001906339367975107,
                0.0009383399356631619
            ],
            [
                0.02432792065085001,
                0.008875705126277536,
                0.003639276756527212,
                0.0018641839203813433,
                0.001090118622164497,
                0.00077157554159715
            ],
            [
                0.026509339861896023,
                0.006556970472415163,
                0.00420347506812452,
                0.002764137047422348,
                0.0012485157755255654,
                0.0009958050852509584
            ],
            [
                0.012130272387791904,
                0.013389951251037141,
                0.0036592849733320665,
                0.0016587303792634986,
                0.0016443680320789532,
                0.0013032696172298893,
                0.0006440326098841912
            ],
            [
                0.008919084301004068,
                0.012637952946305916,
                0.0018809418605352578,
                0.0013607820683204663,
                0.0009635286119798691
            ],
            [
                0.022746310315625743,
                0.00918682351772158,
                0.003225428843433019,
                0.0011112824067688089,
                0.0007437775946254392
            ]
        ]
    },
    "exe": {
        "fluid": "/svfsi/svFSI-build/svFSI-build/bin/svFSI",
        "mesh": "/svfsi/svFSI-build/svFSI-build/bin/svFSI",
        "solid": "/svfsi/svFSI-build/svFSI-build/bin/svFSI"
    },
    "f_arx": "./partitioned_2025-10-29_20-37-10.562969/archive",
    "f_conv": "./partitioned_2025-10-29_20-37-10.562969/partitioned/converged",
    "f_out": "./partitioned_2025-10-29_20-37-10.562969",
    "f_sim": "./partitioned_2025-10-29_20-37-10.562969/partitioned",
    "fluid": {
        "mu": 4e-06,
        "p0": 13.9868,
        "q0": 1000.0,
        "q0_rate": 200.0,
        "rho": 1.06e-06
    },
    "fmax": 1.0,
    "fsi": true,
    "inp": {
        "fluid": "steady_full.xml",
        "mesh": "mesh_full.xml",
        "solid": "gr_full_restart.xml"
    },
    "interfaces": {
        "bc_flow": "steady_flow.dat",
        "bc_pressure": "steady_pressure.dat",
        "disp": "interface_displacement.dat",
        "geo_fluid": "fluid.vtu",
        "geo_mesh": "mesh.vtu",
        "geo_solid": "solid.vtu",
        "inflow_vector": "inflow_vector.dat",
        "load_pressure": "interface_pressure.vtp",
        "load_wss": "interface_wss.vtp"
    },
    "mesh": "fsg_full_coarse.json",
    "n_max": {
        "fluid": 10,
        "mesh": 1,
        "solid": 1
    },
    "n_procs": {
        "fluid": 2,
        "mesh": 1,
        "solid": 1
    },
    "name": "partitioned",
    "nmax": 10,
    "out": {
        "fluid": "steady",
        "mesh": "mesh",
        "solid": "gr_restart"
    },
    "paths": {
        "exe": "/svfsi",
        "in_geo": "/svfsi/svFSGe/in_geo",
        "in_petsc": "/svfsi/svFSGe/in_petsc",
        "in_svfsi": "/svfsi/svFSGe/in_svfsi_plus",
        "root": "."
    },
    "paths_darwin": {
        "exe": "/svfsi",
        "in_geo": "/svfsi/svFSGe/in_geo",
        "in_petsc": "/svfsi/svFSGe/in_petsc",
        "in_svfsi": "/svfsi/svFSGe/in_svfsi_plus",
        "root": "."
    },
    "paths_linux_centos": {
        "exe": "/svfsi",
        "in_geo": "/svfsi/svFSGe/in_geo",
        "in_petsc": "/svfsi/svFSGe/in_petsc",
        "in_svfsi": "/svfsi/svFSGe/in_svfsi_plus",
        "root": "."
    },
    "paths_linux_ubuntu": {
        "exe": "/svfsi",
        "in_geo": "/svfsi/svFSGe/in_geo",
        "in_petsc": "/svfsi/svFSGe/in_petsc",
        "in_svfsi": "/svfsi/svFSGe/in_svfsi_plus",
        "root": "."
    },
    "predict_file": false,
    "re": 260.7484384504004,
    "tortuosity": false
}