{
    "coup": {
        "iqn_ils_eps": 0.1,
        "iqn_ils_q": 20,
        "method": "iqn_ils",
        "nmax": 200,
        "nmin": 1,
        "omega": {
            "disp": [
                [
                    1.0,
                    1.0,
                    1.0
                ],
                [
                    0.1,
                    0.1,
                    0.1,
                    0.1,
                    0.1,
                    0.1,
                    0.1,
                    0.1,
                    0.1,
                    0.1,
                    0.1,
                    0.1
                ],
                [
                    0.1,
                    0.1,
                    0.1,
                    0.1,
                    0.1
                ],
                [
                    0.1,
                    0.1,
                    0.1,
                    0.1,
                    0.1,
                    0.1
                ],
                [
                    0.1,
                    0.1,
                    0.1,
                    0.1,
                    0.1
                ],
                [
                    0.1,
                    0.1,
                    0.1,
                    0.1,
                    0.1,
                    0.1
                ],
                [
                    0.1,
                    0.1,
                    0.1,
                    0.1,
                    0.1,
                    0.1
                ],
                [
                    0.1,
                    0.1,
                    0.1,
                    0.1,
                    0.1,
                    0.1
                ],
                [
                    0.1,
                    0.1,
                    0.1,
                    0.1,
                    0.1,
                    0.1,
                    0.1
                ],
                [
                    0.1,
                    0.1,
                    0.1,
                    0.1,
                    0.1
                ],
                [
                    0.1,
                    0.1,
                    0.1,
                    0.1,
                    0.1
                ]
            ]
        },
        "omega0": 0.1,
        "tol": 0.001
    },
    "debug": true,
    "error": {
        "disp": [
            [
                1.0,
                0.0011752032652485721,
                2.9309934607768035e-05
            ],
            [
                0.04007228977619127,
                0.019266298044716183,
                0.014118390070455667,
                0.013514085853729207,
                0.011781846290400981,
                0.01044227856910586,
                0.007549608226312486,
                0.009332337251075053,
                0.0028524934763326415,
                0.0025846300549986377,
                0.0014927469429580524,
                0.0006895824284334258
            ],
            [
                0.012472918795144741,
                0.011663915806884261,
                0.01077322204202542,
                0.0033192158423493304,
                0.000810037039066949
            ],
            [
                0.008893820548520419,
                0.009777980190249705,
                0.004153572838277402,
                0.001651205574086299,
                0.0010601271840680099,
                0.0006580773690237188
            ],
            [
                0.013461841369218762,
                0.004882644103316128,
                0.00506606674131665,
                0.00206753216930984,
                0.0009570849962645328
            ],
            [
                0.013744824679699322,
                0.004225521544546876,
                0.0022883833842054038,
                0.0026660472512774038,
                0.001906337863752396,
                0.0009383356364205426
            ],
            [
                0.02432796412325294,
                0.008875743080595508,
                0.0036392835164610706,
                0.0018641807428127408,
                0.001090127975260179,
                0.0007715804133356352
            ],
            [
                0.026509326379907047,
                0.006556975450982943,
                0.004203399894962134,
                0.002764086642933015,
                0.0012485412008989404,
                0.0009957987304358002
            ],
            [
                0.012130307196662702,
                0.013389870546346369,
                0.0036591641953918766,
                0.001658708042959112,
                0.0016443417886556747,
                0.0013032286446226361,
                0.000644005057285546
            ],
            [
                0.008918896232074622,
                0.012637609503010532,
                0.0018809005355755147,
                0.0013607551025745196,
                0.0009634896204489575
            ],
            [
                0.02274551949880956,
                0.009186975410320167,
                0.0032253749301349973,
                0.0011112601470085867,
                0.0007438181947672159
            ]
        ]
    },
    "exe": {
        "fluid": "/svfsi/svFSI-build/svFSI-build/bin/svFSI",
        "mesh": "/svfsi/svFSI-build/svFSI-build/bin/svFSI",
        "solid": "/svfsi/svFSI-build/svFSI-build/bin/svFSI"
    },
    "f_arx": "./partitioned_2025-10-10_14-58-48.618745/archive",
    "f_conv": "./partitioned_2025-10-10_14-58-48.618745/partitioned/converged",
    "f_out": "./partitioned_2025-10-10_14-58-48.618745",
    "f_sim": "./partitioned_2025-10-10_14-58-48.618745/partitioned",
    "fluid": {
        "mu": 4e-06,
        "p0": 13.9868,
        "q0": 1000.0,
        "q0_rate": 200.0,
        "rho": 1.06e-06
    },
    "fmax": 1.0,
    "fsi": true,
    "inp": {
        "fluid": "steady_full.xml",
        "mesh": "mesh_full.xml",
        "solid": "gr_full_restart.xml"
    },
    "interfaces": {
        "bc_flow": "steady_flow.dat",
        "bc_pressure": "steady_pressure.dat",
        "disp": "interface_displacement.dat",
        "geo_fluid": "fluid.vtu",
        "geo_mesh": "mesh.vtu",
        "geo_solid": "solid.vtu",
        "inflow_vector": "inflow_vector.dat",
        "load_pressure": "interface_pressure.vtp",
        "load_wss": "interface_wss.vtp"
    },
    "mesh": "fsg_full_coarse.json",
    "n_max": {
        "fluid": 10,
        "mesh": 1,
        "solid": 1
    },
    "n_procs": {
        "fluid": 2,
        "mesh": 1,
        "solid": 1
    },
    "name": "partitioned",
    "nmax": 10,
    "out": {
        "fluid": "steady",
        "mesh": "mesh",
        "solid": "gr_restart"
    },
    "paths": {
        "exe": "/svfsi",
        "in_geo": "/svfsi/svFSGe/in_geo",
        "in_petsc": "/svfsi/svFSGe/in_petsc",
        "in_svfsi": "/svfsi/svFSGe/in_svfsi_plus",
        "root": "."
    },
    "paths_darwin": {
        "exe": "/svfsi",
        "in_geo": "/svfsi/svFSGe/in_geo",
        "in_petsc": "/svfsi/svFSGe/in_petsc",
        "in_svfsi": "/svfsi/svFSGe/in_svfsi_plus",
        "root": "."
    },
    "paths_linux_centos": {
        "exe": "/svfsi",
        "in_geo": "/svfsi/svFSGe/in_geo",
        "in_petsc": "/svfsi/svFSGe/in_petsc",
        "in_svfsi": "/svfsi/svFSGe/in_svfsi_plus",
        "root": "."
    },
    "paths_linux_ubuntu": {
        "exe": "/svfsi",
        "in_geo": "/svfsi/svFSGe/in_geo",
        "in_petsc": "/svfsi/svFSGe/in_petsc",
        "in_svfsi": "/svfsi/svFSGe/in_svfsi_plus",
        "root": "."
    },
    "predict_file": false,
    "re": 260.7484384504004,
    "tortuosity": false
}